filename,size,uri,download_url
pi73n277.jpeg,null,atlas:pds3:clem:clementine:/cl_4003/extras/browse/phase/pi73n277.jpeg,https://pds-imaging.jpl.nasa.gov/api/data/atlas:pds3:clem:clementine:/cl_4003/extras/browse/phase/pi73n277.jpeg::0
pi73n262.jpeg,null,atlas:pds3:clem:clementine:/cl_4003/extras/browse/phase/pi73n262.jpeg,https://pds-imaging.jpl.nasa.gov/api/data/atlas:pds3:clem:clementine:/cl_4003/extras/browse/phase/pi73n262.jpeg::0
ui73n277.jpeg,null,atlas:pds3:clem:clementine:/cl_4003/extras/browse/data/ui73n277.jpeg,https://pds-imaging.jpl.nasa.gov/api/data/atlas:pds3:clem:clementine:/cl_4003/extras/browse/data/ui73n277.jpeg
ui73n262.jpeg,null,atlas:pds3:clem:clementine:/cl_4003/extras/browse/data/ui73n262.jpeg,https://pds-imaging.jpl.nasa.gov/api/data/atlas:pds3:clem:clementine:/cl_4003/extras/browse/data/ui73n262.jpeg
ui38n265.jpeg,null,atlas:pds3:clem:clementine:/cl_4053/extras/browse/data/ui38n265.jpeg,https://pds-imaging.jpl.nasa.gov/api/data/atlas:pds3:clem:clementine:/cl_4053/extras/browse/data/ui38n265.jpeg
pi38n265.jpeg,null,atlas:pds3:clem:clementine:/cl_4053/extras/browse/phase/pi38n265.jpeg,https://pds-imaging.jpl.nasa.gov/api/data/atlas:pds3:clem:clementine:/cl_4053/extras/browse/phase/pi38n265.jpeg::0
ui31n261.jpeg,null,atlas:pds3:clem:clementine:/cl_4053/extras/browse/data/ui31n261.jpeg,https://pds-imaging.jpl.nasa.gov/api/data/atlas:pds3:clem:clementine:/cl_4053/extras/browse/data/ui31n261.jpeg::0
ui24n261.jpeg,null,atlas:pds3:clem:clementine:/cl_4053/extras/browse/data/ui24n261.jpeg,https://pds-imaging.jpl.nasa.gov/api/data/atlas:pds3:clem:clementine:/cl_4053/extras/browse/data/ui24n261.jpeg::0
pi24n261.jpeg,null,atlas:pds3:clem:clementine:/cl_4053/extras/browse/phase/pi24n261.jpeg,https://pds-imaging.jpl.nasa.gov/api/data/atlas:pds3:clem:clementine:/cl_4053/extras/browse/phase/pi24n261.jpeg::0
ui17n261.jpeg,null,atlas:pds3:clem:clementine:/cl_4054/extras/browse/data/ui17n261.jpeg,https://pds-imaging.jpl.nasa.gov/api/data/atlas:pds3:clem:clementine:/cl_4054/extras/browse/data/ui17n261.jpeg
ui10n249.jpeg,null,atlas:pds3:clem:clementine:/cl_4054/extras/browse/data/ui10n249.jpeg,https://pds-imaging.jpl.nasa.gov/api/data/atlas:pds3:clem:clementine:/cl_4054/extras/browse/data/ui10n249.jpeg::0
ui03n249.jpeg,null,atlas:pds3:clem:clementine:/cl_4054/extras/browse/data/ui03n249.jpeg,https://pds-imaging.jpl.nasa.gov/api/data/atlas:pds3:clem:clementine:/cl_4054/extras/browse/data/ui03n249.jpeg
ui17s255.jpeg,null,atlas:pds3:clem:clementine:/cl_4055/extras/browse/data/ui17s255.jpeg,https://pds-imaging.jpl.nasa.gov/api/data/atlas:pds3:clem:clementine:/cl_4055/extras/browse/data/ui17s255.jpeg
ui17s261.jpeg,null,atlas:pds3:clem:clementine:/cl_4055/extras/browse/data/ui17s261.jpeg,https://pds-imaging.jpl.nasa.gov/api/data/atlas:pds3:clem:clementine:/cl_4055/extras/browse/data/ui17s261.jpeg::0
ui24s267.jpeg,null,atlas:pds3:clem:clementine:/cl_4056/extras/browse/data/ui24s267.jpeg,https://pds-imaging.jpl.nasa.gov/api/data/atlas:pds3:clem:clementine:/cl_4056/extras/browse/data/ui24s267.jpeg::0
ui31s255.jpeg,null,atlas:pds3:clem:clementine:/cl_4056/extras/browse/data/ui31s255.jpeg,https://pds-imaging.jpl.nasa.gov/api/data/atlas:pds3:clem:clementine:/cl_4056/extras/browse/data/ui31s255.jpeg
ui24s255.jpeg,null,atlas:pds3:clem:clementine:/cl_4056/extras/browse/data/ui24s255.jpeg,https://pds-imaging.jpl.nasa.gov/api/data/atlas:pds3:clem:clementine:/cl_4056/extras/browse/data/ui24s255.jpeg::0
ui66s277.jpeg,null,atlas:pds3:clem:clementine:/cl_4063/extras/browse/data/ui66s277.jpeg,https://pds-imaging.jpl.nasa.gov/api/data/atlas:pds3:clem:clementine:/cl_4063/extras/browse/data/ui66s277.jpeg::0
ui73s322.jpeg,null,atlas:pds3:clem:clementine:/cl_4078/extras/browse/data/ui73s322.jpeg,https://pds-imaging.jpl.nasa.gov/api/data/atlas:pds3:clem:clementine:/cl_4078/extras/browse/data/ui73s322.jpeg
ui38n005.jpeg,null,atlas:pds3:clem:clementine:/cl_4004/extras/browse/data/ui38n005.jpeg,https://pds-imaging.jpl.nasa.gov/api/data/atlas:pds3:clem:clementine:/cl_4004/extras/browse/data/ui38n005.jpeg
ui31n357.jpeg,null,atlas:pds3:clem:clementine:/cl_4071/extras/browse/data/ui31n357.jpeg,https://pds-imaging.jpl.nasa.gov/api/data/atlas:pds3:clem:clementine:/cl_4071/extras/browse/data/ui31n357.jpeg
ui10s015.jpeg,null,atlas:pds3:clem:clementine:/cl_4007/extras/browse/data/ui10s015.jpeg,https://pds-imaging.jpl.nasa.gov/api/data/atlas:pds3:clem:clementine:/cl_4007/extras/browse/data/ui10s015.jpeg
pi66s022.jpeg,null,atlas:pds3:clem:clementine:/cl_4009/extras/browse/phase/pi66s022.jpeg,https://pds-imaging.jpl.nasa.gov/api/data/atlas:pds3:clem:clementine:/cl_4009/extras/browse/phase/pi66s022.jpeg::0
ui10n039.jpeg,null,atlas:pds3:clem:clementine:/cl_4012/extras/browse/data/ui10n039.jpeg,https://pds-imaging.jpl.nasa.gov/api/data/atlas:pds3:clem:clementine:/cl_4012/extras/browse/data/ui10n039.jpeg
ui31s051.jpeg,null,atlas:pds3:clem:clementine:/cl_4014/extras/browse/data/ui31s051.jpeg,https://pds-imaging.jpl.nasa.gov/api/data/atlas:pds3:clem:clementine:/cl_4014/extras/browse/data/ui31s051.jpeg
ui17s051.jpeg,null,atlas:pds3:clem:clementine:/cl_4013/extras/browse/data/ui17s051.jpeg,https://pds-imaging.jpl.nasa.gov/api/data/atlas:pds3:clem:clementine:/cl_4013/extras/browse/data/ui17s051.jpeg
1139r.jpeg,null,atlas:pds3:go:galileo_orbiter:/go_0010/extras/browse/earth/c016510/1139r.jpeg,https://pds-imaging.jpl.nasa.gov/api/data/atlas:pds3:go:galileo_orbiter:/go_0010/extras/browse/earth/c016510/1139r.jpeg::0
4845r.jpeg,null,atlas:pds3:go:galileo_orbiter:/go_0010/extras/browse/earth/c016513/4845r.jpeg,https://pds-imaging.jpl.nasa.gov/api/data/atlas:pds3:go:galileo_orbiter:/go_0010/extras/browse/earth/c016513/4845r.jpeg::0
2745r.jpeg,null,atlas:pds3:go:galileo_orbiter:/go_0010/extras/browse/earth/c016511/2745r.jpeg,https://pds-imaging.jpl.nasa.gov/api/data/atlas:pds3:go:galileo_orbiter:/go_0010/extras/browse/earth/c016511/2745r.jpeg::0
5645r.jpeg,null,atlas:pds3:go:galileo_orbiter:/go_0010/extras/browse/earth/c016513/5645r.jpeg,https://pds-imaging.jpl.nasa.gov/api/data/atlas:pds3:go:galileo_orbiter:/go_0010/extras/browse/earth/c016513/5645r.jpeg::0
6145r.jpeg,null,atlas:pds3:go:galileo_orbiter:/go_0010/extras/browse/earth/c016513/6145r.jpeg,https://pds-imaging.jpl.nasa.gov/api/data/atlas:pds3:go:galileo_orbiter:/go_0010/extras/browse/earth/c016513/6145r.jpeg::0
4300r.jpeg,null,atlas:pds3:go:galileo_orbiter:/go_0015/extras/browse/earth/c016542/4300r.jpeg,https://pds-imaging.jpl.nasa.gov/api/data/atlas:pds3:go:galileo_orbiter:/go_0015/extras/browse/earth/c016542/4300r.jpeg::0
7400r.jpeg,null,atlas:pds3:go:galileo_orbiter:/go_0003/extras/browse/earth/c006104/7400r.jpeg,https://pds-imaging.jpl.nasa.gov/api/data/atlas:pds3:go:galileo_orbiter:/go_0003/extras/browse/earth/c006104/7400r.jpeg::0
8600r.jpeg,null,atlas:pds3:go:galileo_orbiter:/go_0015/extras/browse/earth/c016542/8600r.jpeg,https://pds-imaging.jpl.nasa.gov/api/data/atlas:pds3:go:galileo_orbiter:/go_0015/extras/browse/earth/c016542/8600r.jpeg::0
9800r.jpeg,null,atlas:pds3:go:galileo_orbiter:/go_0003/extras/browse/earth/c006104/9800r.jpeg,https://pds-imaging.jpl.nasa.gov/api/data/atlas:pds3:go:galileo_orbiter:/go_0003/extras/browse/earth/c006104/9800r.jpeg::0
4300r.jpeg,null,atlas:pds3:go:galileo_orbiter:/go_0009/extras/browse/moon/c016502/4300r.jpeg,https://pds-imaging.jpl.nasa.gov/api/data/atlas:pds3:go:galileo_orbiter:/go_0009/extras/browse/moon/c016502/4300r.jpeg::0
6539r.jpeg,null,atlas:pds3:go:galileo_orbiter:/go_0009/extras/browse/moon/c016502/6539r.jpeg,https://pds-imaging.jpl.nasa.gov/api/data/atlas:pds3:go:galileo_orbiter:/go_0009/extras/browse/moon/c016502/6539r.jpeg::0
6765r.jpeg,null,atlas:pds3:go:galileo_orbiter:/go_0009/extras/browse/moon/c016502/6765r.jpeg,https://pds-imaging.jpl.nasa.gov/api/data/atlas:pds3:go:galileo_orbiter:/go_0009/extras/browse/moon/c016502/6765r.jpeg::0
7178r.jpeg,null,atlas:pds3:go:galileo_orbiter:/go_0009/extras/browse/moon/c016502/7178r.jpeg,https://pds-imaging.jpl.nasa.gov/api/data/atlas:pds3:go:galileo_orbiter:/go_0009/extras/browse/moon/c016502/7178r.jpeg::0
7313r.jpeg,null,atlas:pds3:go:galileo_orbiter:/go_0009/extras/browse/moon/c016502/7313r.jpeg,https://pds-imaging.jpl.nasa.gov/api/data/atlas:pds3:go:galileo_orbiter:/go_0009/extras/browse/moon/c016502/7313r.jpeg::0
8000r.jpeg,null,atlas:pds3:go:galileo_orbiter:/go_0009/extras/browse/moon/c016502/8000r.jpeg,https://pds-imaging.jpl.nasa.gov/api/data/atlas:pds3:go:galileo_orbiter:/go_0009/extras/browse/moon/c016502/8000r.jpeg::0
2000r.jpeg,null,atlas:pds3:go:galileo_orbiter:/go_0009/extras/browse/moon/c016503/2000r.jpeg,https://pds-imaging.jpl.nasa.gov/api/data/atlas:pds3:go:galileo_orbiter:/go_0009/extras/browse/moon/c016503/2000r.jpeg::0
2300r.jpeg,null,atlas:pds3:go:galileo_orbiter:/go_0009/extras/browse/moon/c016503/2300r.jpeg,https://pds-imaging.jpl.nasa.gov/api/data/atlas:pds3:go:galileo_orbiter:/go_0009/extras/browse/moon/c016503/2300r.jpeg::0
2445r.jpeg,null,atlas:pds3:go:galileo_orbiter:/go_0009/extras/browse/moon/c016503/2445r.jpeg,https://pds-imaging.jpl.nasa.gov/api/data/atlas:pds3:go:galileo_orbiter:/go_0009/extras/browse/moon/c016503/2445r.jpeg::0
1700r.jpeg,null,atlas:pds3:go:galileo_orbiter:/go_0009/extras/browse/moon/c016503/1700r.jpeg,https://pds-imaging.jpl.nasa.gov/api/data/atlas:pds3:go:galileo_orbiter:/go_0009/extras/browse/moon/c016503/1700r.jpeg::0
0900r.jpeg,null,atlas:pds3:go:galileo_orbiter:/go_0004/extras/browse/earth/c006133/0900r.jpeg,https://pds-imaging.jpl.nasa.gov/api/data/atlas:pds3:go:galileo_orbiter:/go_0004/extras/browse/earth/c006133/0900r.jpeg::0
1100r.jpeg,null,atlas:pds3:go:galileo_orbiter:/go_0004/extras/browse/earth/c006133/1100r.jpeg,https://pds-imaging.jpl.nasa.gov/api/data/atlas:pds3:go:galileo_orbiter:/go_0004/extras/browse/earth/c006133/1100r.jpeg::0
0500r.jpeg,null,atlas:pds3:go:galileo_orbiter:/go_0004/extras/browse/earth/c006141/0500r.jpeg,https://pds-imaging.jpl.nasa.gov/api/data/atlas:pds3:go:galileo_orbiter:/go_0004/extras/browse/earth/c006141/0500r.jpeg::0
3600r.jpeg,null,atlas:pds3:go:galileo_orbiter:/go_0004/extras/browse/earth/c006141/3600r.jpeg,https://pds-imaging.jpl.nasa.gov/api/data/atlas:pds3:go:galileo_orbiter:/go_0004/extras/browse/earth/c006141/3600r.jpeg::0
0700r.jpeg,null,atlas:pds3:go:galileo_orbiter:/go_0004/extras/browse/earth/c006141/0700r.jpeg,https://pds-imaging.jpl.nasa.gov/api/data/atlas:pds3:go:galileo_orbiter:/go_0004/extras/browse/earth/c006141/0700r.jpeg::0
0900r.jpeg,null,atlas:pds3:go:galileo_orbiter:/go_0004/extras/browse/earth/c006141/0900r.jpeg,https://pds-imaging.jpl.nasa.gov/api/data/atlas:pds3:go:galileo_orbiter:/go_0004/extras/browse/earth/c006141/0900r.jpeg::0
9200r.jpeg,null,atlas:pds3:go:galileo_orbiter:/go_0009/extras/browse/moon/c016502/9200r.jpeg,https://pds-imaging.jpl.nasa.gov/api/data/atlas:pds3:go:galileo_orbiter:/go_0009/extras/browse/moon/c016502/9200r.jpeg::0
1500r.jpeg,null,atlas:pds3:go:galileo_orbiter:/go_0009/extras/browse/moon/c016503/1500r.jpeg,https://pds-imaging.jpl.nasa.gov/api/data/atlas:pds3:go:galileo_orbiter:/go_0009/extras/browse/moon/c016503/1500r.jpeg::0
5200r.jpeg,null,atlas:pds3:go:galileo_orbiter:/go_0010/extras/browse/earth/c016513/5200r.jpeg,https://pds-imaging.jpl.nasa.gov/api/data/atlas:pds3:go:galileo_orbiter:/go_0010/extras/browse/earth/c016513/5200r.jpeg::0
4400r.jpeg,null,atlas:pds3:go:galileo_orbiter:/go_0010/extras/browse/moon/c016503/4400r.jpeg,https://pds-imaging.jpl.nasa.gov/api/data/atlas:pds3:go:galileo_orbiter:/go_0010/extras/browse/moon/c016503/4400r.jpeg::0
4465r.jpeg,null,atlas:pds3:go:galileo_orbiter:/go_0010/extras/browse/moon/c016503/4465r.jpeg,https://pds-imaging.jpl.nasa.gov/api/data/atlas:pds3:go:galileo_orbiter:/go_0010/extras/browse/moon/c016503/4465r.jpeg::0
7278r.jpeg,null,atlas:pds3:go:galileo_orbiter:/go_0009/extras/browse/moon/c016502/7278r.jpeg,https://pds-imaging.jpl.nasa.gov/api/data/atlas:pds3:go:galileo_orbiter:/go_0009/extras/browse/moon/c016502/7278r.jpeg::0
7100r.jpeg,null,atlas:pds3:go:galileo_orbiter:/go_0014/extras/browse/earth/c016532/7100r.jpeg,https://pds-imaging.jpl.nasa.gov/api/data/atlas:pds3:go:galileo_orbiter:/go_0014/extras/browse/earth/c016532/7100r.jpeg::0
8900r.jpeg,null,atlas:pds3:go:galileo_orbiter:/go_0014/extras/browse/earth/c016532/8900r.jpeg,https://pds-imaging.jpl.nasa.gov/api/data/atlas:pds3:go:galileo_orbiter:/go_0014/extras/browse/earth/c016532/8900r.jpeg::0
0700r.jpeg,null,atlas:pds3:go:galileo_orbiter:/go_0013/extras/browse/earth/c016531/0700r.jpeg,https://pds-imaging.jpl.nasa.gov/api/data/atlas:pds3:go:galileo_orbiter:/go_0013/extras/browse/earth/c016531/0700r.jpeg::0
1700r.jpeg,null,atlas:pds3:go:galileo_orbiter:/go_0013/extras/browse/earth/c016531/1700r.jpeg,https://pds-imaging.jpl.nasa.gov/api/data/atlas:pds3:go:galileo_orbiter:/go_0013/extras/browse/earth/c016531/1700r.jpeg::0
6700r.jpeg,null,atlas:pds3:go:galileo_orbiter:/go_0013/extras/browse/earth/c016531/6700r.jpeg,https://pds-imaging.jpl.nasa.gov/api/data/atlas:pds3:go:galileo_orbiter:/go_0013/extras/browse/earth/c016531/6700r.jpeg::0
7200r.jpeg,null,atlas:pds3:go:galileo_orbiter:/go_0013/extras/browse/earth/c016531/7200r.jpeg,https://pds-imaging.jpl.nasa.gov/api/data/atlas:pds3:go:galileo_orbiter:/go_0013/extras/browse/earth/c016531/7200r.jpeg::0
7500r.jpeg,null,atlas:pds3:go:galileo_orbiter:/go_0013/extras/browse/earth/c016531/7500r.jpeg,https://pds-imaging.jpl.nasa.gov/api/data/atlas:pds3:go:galileo_orbiter:/go_0013/extras/browse/earth/c016531/7500r.jpeg::0
8100r.jpeg,null,atlas:pds3:go:galileo_orbiter:/go_0013/extras/browse/earth/c016531/8100r.jpeg,https://pds-imaging.jpl.nasa.gov/api/data/atlas:pds3:go:galileo_orbiter:/go_0013/extras/browse/earth/c016531/8100r.jpeg::0
4100r.jpeg,null,atlas:pds3:go:galileo_orbiter:/go_0014/extras/browse/earth/c016532/4100r.jpeg,https://pds-imaging.jpl.nasa.gov/api/data/atlas:pds3:go:galileo_orbiter:/go_0014/extras/browse/earth/c016532/4100r.jpeg::0
4678r.jpeg,null,atlas:pds3:go:galileo_orbiter:/go_0010/extras/browse/moon/c016503/4678r.jpeg,https://pds-imaging.jpl.nasa.gov/api/data/atlas:pds3:go:galileo_orbiter:/go_0010/extras/browse/moon/c016503/4678r.jpeg::0
4500r.jpeg,null,atlas:pds3:go:galileo_orbiter:/go_0014/extras/browse/earth/c016535/4500r.jpeg,https://pds-imaging.jpl.nasa.gov/api/data/atlas:pds3:go:galileo_orbiter:/go_0014/extras/browse/earth/c016535/4500r.jpeg::0
1700r.jpeg,null,atlas:pds3:go:galileo_orbiter:/go_0014/extras/browse/earth/c016535/1700r.jpeg,https://pds-imaging.jpl.nasa.gov/api/data/atlas:pds3:go:galileo_orbiter:/go_0014/extras/browse/earth/c016535/1700r.jpeg::0
3600r.jpeg,null,atlas:pds3:go:galileo_orbiter:/go_0013/extras/browse/earth/c016531/3600r.jpeg,https://pds-imaging.jpl.nasa.gov/api/data/atlas:pds3:go:galileo_orbiter:/go_0013/extras/browse/earth/c016531/3600r.jpeg::0
6200r.jpeg,null,atlas:pds3:go:galileo_orbiter:/go_0014/extras/browse/earth/c016532/6200r.jpeg,https://pds-imaging.jpl.nasa.gov/api/data/atlas:pds3:go:galileo_orbiter:/go_0014/extras/browse/earth/c016532/6200r.jpeg::0
4000r.jpeg,null,atlas:pds3:go:galileo_orbiter:/go_0014/extras/browse/earth/c016532/4000r.jpeg,https://pds-imaging.jpl.nasa.gov/api/data/atlas:pds3:go:galileo_orbiter:/go_0014/extras/browse/earth/c016532/4000r.jpeg::0
5200r.jpeg,null,atlas:pds3:go:galileo_orbiter:/go_0014/extras/browse/earth/c016532/5200r.jpeg,https://pds-imaging.jpl.nasa.gov/api/data/atlas:pds3:go:galileo_orbiter:/go_0014/extras/browse/earth/c016532/5200r.jpeg::0
6800r.jpeg,null,atlas:pds3:go:galileo_orbiter:/go_0014/extras/browse/earth/c016532/6800r.jpeg,https://pds-imaging.jpl.nasa.gov/api/data/atlas:pds3:go:galileo_orbiter:/go_0014/extras/browse/earth/c016532/6800r.jpeg::0
0200r.jpeg,null,atlas:pds3:go:galileo_orbiter:/go_0014/extras/browse/earth/c016533/0200r.jpeg,https://pds-imaging.jpl.nasa.gov/api/data/atlas:pds3:go:galileo_orbiter:/go_0014/extras/browse/earth/c016533/0200r.jpeg::0
6500r.jpeg,null,atlas:pds3:go:galileo_orbiter:/go_0014/extras/browse/earth/c016533/6500r.jpeg,https://pds-imaging.jpl.nasa.gov/api/data/atlas:pds3:go:galileo_orbiter:/go_0014/extras/browse/earth/c016533/6500r.jpeg::0
9700r.jpeg,null,atlas:pds3:go:galileo_orbiter:/go_0014/extras/browse/earth/c016533/9700r.jpeg,https://pds-imaging.jpl.nasa.gov/api/data/atlas:pds3:go:galileo_orbiter:/go_0014/extras/browse/earth/c016533/9700r.jpeg::0
0800r.jpeg,null,atlas:pds3:go:galileo_orbiter:/go_0014/extras/browse/earth/c016534/0800r.jpeg,https://pds-imaging.jpl.nasa.gov/api/data/atlas:pds3:go:galileo_orbiter:/go_0014/extras/browse/earth/c016534/0800r.jpeg::0
5700r.jpeg,null,atlas:pds3:go:galileo_orbiter:/go_0014/extras/browse/earth/c016534/5700r.jpeg,https://pds-imaging.jpl.nasa.gov/api/data/atlas:pds3:go:galileo_orbiter:/go_0014/extras/browse/earth/c016534/5700r.jpeg::0
7200r.jpeg,null,atlas:pds3:go:galileo_orbiter:/go_0004/extras/browse/moon/c006114/7200r.jpeg,https://pds-imaging.jpl.nasa.gov/api/data/atlas:pds3:go:galileo_orbiter:/go_0004/extras/browse/moon/c006114/7200r.jpeg::0
9600r.jpeg,null,atlas:pds3:go:galileo_orbiter:/go_0004/extras/browse/moon/c006114/9600r.jpeg,https://pds-imaging.jpl.nasa.gov/api/data/atlas:pds3:go:galileo_orbiter:/go_0004/extras/browse/moon/c006114/9600r.jpeg::0
0300r.jpeg,null,atlas:pds3:go:galileo_orbiter:/go_0006/extras/browse/earth/c006155/0300r.jpeg,https://pds-imaging.jpl.nasa.gov/api/data/atlas:pds3:go:galileo_orbiter:/go_0006/extras/browse/earth/c006155/0300r.jpeg::0
4600r.jpeg,null,atlas:pds3:go:galileo_orbiter:/go_0005/extras/browse/earth/c006149/4600r.jpeg,https://pds-imaging.jpl.nasa.gov/api/data/atlas:pds3:go:galileo_orbiter:/go_0005/extras/browse/earth/c006149/4600r.jpeg::0
5200r.jpeg,null,atlas:pds3:go:galileo_orbiter:/go_0005/extras/browse/earth/c006149/5200r.jpeg,https://pds-imaging.jpl.nasa.gov/api/data/atlas:pds3:go:galileo_orbiter:/go_0005/extras/browse/earth/c006149/5200r.jpeg::0
9300r.jpeg,null,atlas:pds3:go:galileo_orbiter:/go_0004/extras/browse/moon/c006118/9300r.jpeg,https://pds-imaging.jpl.nasa.gov/api/data/atlas:pds3:go:galileo_orbiter:/go_0004/extras/browse/moon/c006118/9300r.jpeg::0
0700r.jpeg,null,atlas:pds3:go:galileo_orbiter:/go_0006/extras/browse/earth/c006155/0700r.jpeg,https://pds-imaging.jpl.nasa.gov/api/data/atlas:pds3:go:galileo_orbiter:/go_0006/extras/browse/earth/c006155/0700r.jpeg::0
7800r.jpeg,null,atlas:pds3:go:galileo_orbiter:/go_0014/extras/browse/earth/c016532/7800r.jpeg,https://pds-imaging.jpl.nasa.gov/api/data/atlas:pds3:go:galileo_orbiter:/go_0014/extras/browse/earth/c016532/7800r.jpeg::0
4945r.jpeg,null,atlas:pds3:go:galileo_orbiter:/go_0003/extras/browse/earth/c006103/4945r.jpeg,https://pds-imaging.jpl.nasa.gov/api/data/atlas:pds3:go:galileo_orbiter:/go_0003/extras/browse/earth/c006103/4945r.jpeg::0
6745r.jpeg,null,atlas:pds3:go:galileo_orbiter:/go_0003/extras/browse/earth/c006103/6745r.jpeg,https://pds-imaging.jpl.nasa.gov/api/data/atlas:pds3:go:galileo_orbiter:/go_0003/extras/browse/earth/c006103/6745r.jpeg::0
4600r.jpeg,null,atlas:pds3:go:galileo_orbiter:/go_0014/extras/browse/earth/c016533/4600r.jpeg,https://pds-imaging.jpl.nasa.gov/api/data/atlas:pds3:go:galileo_orbiter:/go_0014/extras/browse/earth/c016533/4600r.jpeg::0
4800r.jpeg,null,atlas:pds3:go:galileo_orbiter:/go_0014/extras/browse/earth/c016534/4800r.jpeg,https://pds-imaging.jpl.nasa.gov/api/data/atlas:pds3:go:galileo_orbiter:/go_0014/extras/browse/earth/c016534/4800r.jpeg::0
9400r.jpeg,null,atlas:pds3:go:galileo_orbiter:/go_0014/extras/browse/earth/c016534/9400r.jpeg,https://pds-imaging.jpl.nasa.gov/api/data/atlas:pds3:go:galileo_orbiter:/go_0014/extras/browse/earth/c016534/9400r.jpeg::0
0400r.jpeg,null,atlas:pds3:go:galileo_orbiter:/go_0014/extras/browse/earth/c016535/0400r.jpeg,https://pds-imaging.jpl.nasa.gov/api/data/atlas:pds3:go:galileo_orbiter:/go_0014/extras/browse/earth/c016535/0400r.jpeg::0
6400r.jpeg,null,atlas:pds3:go:galileo_orbiter:/go_0006/extras/browse/earth/c006154/6400r.jpeg,https://pds-imaging.jpl.nasa.gov/api/data/atlas:pds3:go:galileo_orbiter:/go_0006/extras/browse/earth/c006154/6400r.jpeg::0
7300r.jpeg,null,atlas:pds3:go:galileo_orbiter:/go_0014/extras/browse/earth/c016539/7300r.jpeg,https://pds-imaging.jpl.nasa.gov/api/data/atlas:pds3:go:galileo_orbiter:/go_0014/extras/browse/earth/c016539/7300r.jpeg::0
1800r.jpeg,null,atlas:pds3:go:galileo_orbiter:/go_0006/extras/browse/earth/c006154/1800r.jpeg,https://pds-imaging.jpl.nasa.gov/api/data/atlas:pds3:go:galileo_orbiter:/go_0006/extras/browse/earth/c006154/1800r.jpeg::0
4600r.jpeg,null,atlas:pds3:go:galileo_orbiter:/go_0014/extras/browse/earth/c016540/4600r.jpeg,https://pds-imaging.jpl.nasa.gov/api/data/atlas:pds3:go:galileo_orbiter:/go_0014/extras/browse/earth/c016540/4600r.jpeg::0
3800r.jpeg,null,atlas:pds3:go:galileo_orbiter:/go_0006/extras/browse/earth/c006154/3800r.jpeg,https://pds-imaging.jpl.nasa.gov/api/data/atlas:pds3:go:galileo_orbiter:/go_0006/extras/browse/earth/c006154/3800r.jpeg::0
9100r.jpeg,null,atlas:pds3:go:galileo_orbiter:/go_0014/extras/browse/earth/c016532/9100r.jpeg,https://pds-imaging.jpl.nasa.gov/api/data/atlas:pds3:go:galileo_orbiter:/go_0014/extras/browse/earth/c016532/9100r.jpeg::0
2700r.jpeg,null,atlas:pds3:go:galileo_orbiter:/go_0014/extras/browse/earth/c016533/2700r.jpeg,https://pds-imaging.jpl.nasa.gov/api/data/atlas:pds3:go:galileo_orbiter:/go_0014/extras/browse/earth/c016533/2700r.jpeg::0
6700r.jpeg,null,atlas:pds3:go:galileo_orbiter:/go_0004/extras/browse/moon/c006134/6700r.jpeg,https://pds-imaging.jpl.nasa.gov/api/data/atlas:pds3:go:galileo_orbiter:/go_0004/extras/browse/moon/c006134/6700r.jpeg::0
3900r.jpeg,null,atlas:pds3:go:galileo_orbiter:/go_0005/extras/browse/earth/c006147/3900r.jpeg,https://pds-imaging.jpl.nasa.gov/api/data/atlas:pds3:go:galileo_orbiter:/go_0005/extras/browse/earth/c006147/3900r.jpeg::0
4600r.jpeg,null,atlas:pds3:go:galileo_orbiter:/go_0006/extras/browse/earth/c006154/4600r.jpeg,https://pds-imaging.jpl.nasa.gov/api/data/atlas:pds3:go:galileo_orbiter:/go_0006/extras/browse/earth/c006154/4600r.jpeg::0
4800r.jpeg,null,atlas:pds3:go:galileo_orbiter:/go_0006/extras/browse/earth/c006154/4800r.jpeg,https://pds-imaging.jpl.nasa.gov/api/data/atlas:pds3:go:galileo_orbiter:/go_0006/extras/browse/earth/c006154/4800r.jpeg::0
8800r.jpeg,null,atlas:pds3:go:galileo_orbiter:/go_0006/extras/browse/earth/c006154/8800r.jpeg,https://pds-imaging.jpl.nasa.gov/api/data/atlas:pds3:go:galileo_orbiter:/go_0006/extras/browse/earth/c006154/8800r.jpeg::0
0300r.jpeg,null,atlas:pds3:go:galileo_orbiter:/go_0004/extras/browse/moon/c006107/0300r.jpeg,https://pds-imaging.jpl.nasa.gov/api/data/atlas:pds3:go:galileo_orbiter:/go_0004/extras/browse/moon/c006107/0300r.jpeg::0
0000r.jpeg,null,atlas:pds3:go:galileo_orbiter:/go_0006/extras/browse/earth/c006155/0000r.jpeg,https://pds-imaging.jpl.nasa.gov/api/data/atlas:pds3:go:galileo_orbiter:/go_0006/extras/browse/earth/c006155/0000r.jpeg::0
4300r.jpeg,null,atlas:pds3:go:galileo_orbiter:/go_0005/extras/browse/earth/c006149/4300r.jpeg,https://pds-imaging.jpl.nasa.gov/api/data/atlas:pds3:go:galileo_orbiter:/go_0005/extras/browse/earth/c006149/4300r.jpeg::0
3700r.jpeg,null,atlas:pds3:go:galileo_orbiter:/go_0006/extras/browse/earth/c006155/3700r.jpeg,https://pds-imaging.jpl.nasa.gov/api/data/atlas:pds3:go:galileo_orbiter:/go_0006/extras/browse/earth/c006155/3700r.jpeg::0
0845r.jpeg,null,atlas:pds3:go:galileo_orbiter:/go_0011/extras/browse/earth/c016517/0845r.jpeg,https://pds-imaging.jpl.nasa.gov/api/data/atlas:pds3:go:galileo_orbiter:/go_0011/extras/browse/earth/c016517/0845r.jpeg::0
9600r.jpeg,null,atlas:pds3:go:galileo_orbiter:/go_0005/extras/browse/earth/c006150/9600r.jpeg,https://pds-imaging.jpl.nasa.gov/api/data/atlas:pds3:go:galileo_orbiter:/go_0005/extras/browse/earth/c006150/9600r.jpeg::0
9800r.jpeg,null,atlas:pds3:go:galileo_orbiter:/go_0005/extras/browse/earth/c006150/9800r.jpeg,https://pds-imaging.jpl.nasa.gov/api/data/atlas:pds3:go:galileo_orbiter:/go_0005/extras/browse/earth/c006150/9800r.jpeg::0
3945r.jpeg,null,atlas:pds3:go:galileo_orbiter:/go_0011/extras/browse/earth/c016520/3945r.jpeg,https://pds-imaging.jpl.nasa.gov/api/data/atlas:pds3:go:galileo_orbiter:/go_0011/extras/browse/earth/c016520/3945r.jpeg::0
0300r.jpeg,null,atlas:pds3:go:galileo_orbiter:/go_0005/extras/browse/earth/c006151/0300r.jpeg,https://pds-imaging.jpl.nasa.gov/api/data/atlas:pds3:go:galileo_orbiter:/go_0005/extras/browse/earth/c006151/0300r.jpeg::0
4478r.jpeg,null,atlas:pds3:go:galileo_orbiter:/go_0010/extras/browse/moon/c016503/4478r.jpeg,https://pds-imaging.jpl.nasa.gov/api/data/atlas:pds3:go:galileo_orbiter:/go_0010/extras/browse/moon/c016503/4478r.jpeg::0
9300r.jpeg,null,atlas:pds3:go:galileo_orbiter:/go_0010/extras/browse/moon/c016503/9300r.jpeg,https://pds-imaging.jpl.nasa.gov/api/data/atlas:pds3:go:galileo_orbiter:/go_0010/extras/browse/moon/c016503/9300r.jpeg::0
6300r.jpeg,null,atlas:pds3:go:galileo_orbiter:/go_0012/extras/browse/earth/c016523/6300r.jpeg,https://pds-imaging.jpl.nasa.gov/api/data/atlas:pds3:go:galileo_orbiter:/go_0012/extras/browse/earth/c016523/6300r.jpeg::0
1700r.jpeg,null,atlas:pds3:go:galileo_orbiter:/go_0005/extras/browse/earth/c006149/1700r.jpeg,https://pds-imaging.jpl.nasa.gov/api/data/atlas:pds3:go:galileo_orbiter:/go_0005/extras/browse/earth/c006149/1700r.jpeg::0
2000r.jpeg,null,atlas:pds3:go:galileo_orbiter:/go_0005/extras/browse/earth/c006149/2000r.jpeg,https://pds-imaging.jpl.nasa.gov/api/data/atlas:pds3:go:galileo_orbiter:/go_0005/extras/browse/earth/c006149/2000r.jpeg::0
2100r.jpeg,null,atlas:pds3:go:galileo_orbiter:/go_0005/extras/browse/earth/c006149/2100r.jpeg,https://pds-imaging.jpl.nasa.gov/api/data/atlas:pds3:go:galileo_orbiter:/go_0005/extras/browse/earth/c006149/2100r.jpeg::0
8400r.jpeg,null,atlas:pds3:go:galileo_orbiter:/go_0004/extras/browse/earth/c006142/8400r.jpeg,https://pds-imaging.jpl.nasa.gov/api/data/atlas:pds3:go:galileo_orbiter:/go_0004/extras/browse/earth/c006142/8400r.jpeg::0
7800r.jpeg,null,atlas:pds3:go:galileo_orbiter:/go_0005/extras/browse/earth/c006149/7800r.jpeg,https://pds-imaging.jpl.nasa.gov/api/data/atlas:pds3:go:galileo_orbiter:/go_0005/extras/browse/earth/c006149/7800r.jpeg::0
9600r.jpeg,null,atlas:pds3:go:galileo_orbiter:/go_0004/extras/browse/earth/c006142/9600r.jpeg,https://pds-imaging.jpl.nasa.gov/api/data/atlas:pds3:go:galileo_orbiter:/go_0004/extras/browse/earth/c006142/9600r.jpeg::0
9900r.jpeg,null,atlas:pds3:go:galileo_orbiter:/go_0004/extras/browse/earth/c006142/9900r.jpeg,https://pds-imaging.jpl.nasa.gov/api/data/atlas:pds3:go:galileo_orbiter:/go_0004/extras/browse/earth/c006142/9900r.jpeg::0
5800r.jpeg,null,atlas:pds3:go:galileo_orbiter:/go_0005/extras/browse/earth/c006146/5800r.jpeg,https://pds-imaging.jpl.nasa.gov/api/data/atlas:pds3:go:galileo_orbiter:/go_0005/extras/browse/earth/c006146/5800r.jpeg::0
2900r.jpeg,null,atlas:pds3:go:galileo_orbiter:/go_0005/extras/browse/earth/c006146/2900r.jpeg,https://pds-imaging.jpl.nasa.gov/api/data/atlas:pds3:go:galileo_orbiter:/go_0005/extras/browse/earth/c006146/2900r.jpeg::0
0300r.jpeg,null,atlas:pds3:go:galileo_orbiter:/go_0005/extras/browse/earth/c006150/0300r.jpeg,https://pds-imaging.jpl.nasa.gov/api/data/atlas:pds3:go:galileo_orbiter:/go_0005/extras/browse/earth/c006150/0300r.jpeg::0
7800r.jpeg,null,atlas:pds3:go:galileo_orbiter:/go_0005/extras/browse/earth/c006146/7800r.jpeg,https://pds-imaging.jpl.nasa.gov/api/data/atlas:pds3:go:galileo_orbiter:/go_0005/extras/browse/earth/c006146/7800r.jpeg::0
4500r.jpeg,null,atlas:pds3:go:galileo_orbiter:/go_0005/extras/browse/earth/c006150/4500r.jpeg,https://pds-imaging.jpl.nasa.gov/api/data/atlas:pds3:go:galileo_orbiter:/go_0005/extras/browse/earth/c006150/4500r.jpeg::0
4600r.jpeg,null,atlas:pds3:go:galileo_orbiter:/go_0011/extras/browse/earth/c016519/4600r.jpeg,https://pds-imaging.jpl.nasa.gov/api/data/atlas:pds3:go:galileo_orbiter:/go_0011/extras/browse/earth/c016519/4600r.jpeg::0
0845r.jpeg,null,atlas:pds3:go:galileo_orbiter:/go_0009/extras/browse/moon/c016500/0845r.jpeg,https://pds-imaging.jpl.nasa.gov/api/data/atlas:pds3:go:galileo_orbiter:/go_0009/extras/browse/moon/c016500/0845r.jpeg::0
6545r.jpeg,null,atlas:pds3:go:galileo_orbiter:/go_0012/extras/browse/earth/c016524/6545r.jpeg,https://pds-imaging.jpl.nasa.gov/api/data/atlas:pds3:go:galileo_orbiter:/go_0012/extras/browse/earth/c016524/6545r.jpeg::0
1600r.jpeg,null,atlas:pds3:go:galileo_orbiter:/go_0013/extras/browse/earth/c016525/1600r.jpeg,https://pds-imaging.jpl.nasa.gov/api/data/atlas:pds3:go:galileo_orbiter:/go_0013/extras/browse/earth/c016525/1600r.jpeg::0
9300r.jpeg,null,atlas:pds3:go:galileo_orbiter:/go_0011/extras/browse/earth/c016518/9300r.jpeg,https://pds-imaging.jpl.nasa.gov/api/data/atlas:pds3:go:galileo_orbiter:/go_0011/extras/browse/earth/c016518/9300r.jpeg::0
3000r.jpeg,null,atlas:pds3:go:galileo_orbiter:/go_0014/extras/browse/earth/c016532/3000r.jpeg,https://pds-imaging.jpl.nasa.gov/api/data/atlas:pds3:go:galileo_orbiter:/go_0014/extras/browse/earth/c016532/3000r.jpeg::0
7400r.jpeg,null,atlas:pds3:go:galileo_orbiter:/go_0014/extras/browse/earth/c016537/7400r.jpeg,https://pds-imaging.jpl.nasa.gov/api/data/atlas:pds3:go:galileo_orbiter:/go_0014/extras/browse/earth/c016537/7400r.jpeg::0
9900r.jpeg,null,atlas:pds3:go:galileo_orbiter:/go_0014/extras/browse/earth/c016532/9900r.jpeg,https://pds-imaging.jpl.nasa.gov/api/data/atlas:pds3:go:galileo_orbiter:/go_0014/extras/browse/earth/c016532/9900r.jpeg::0
0900r.jpeg,null,atlas:pds3:go:galileo_orbiter:/go_0011/extras/browse/earth/c016519/0900r.jpeg,https://pds-imaging.jpl.nasa.gov/api/data/atlas:pds3:go:galileo_orbiter:/go_0011/extras/browse/earth/c016519/0900r.jpeg::0
5500r.jpeg,null,atlas:pds3:go:galileo_orbiter:/go_0013/extras/browse/earth/c016525/5500r.jpeg,https://pds-imaging.jpl.nasa.gov/api/data/atlas:pds3:go:galileo_orbiter:/go_0013/extras/browse/earth/c016525/5500r.jpeg::0
2245r.jpeg,null,atlas:pds3:go:galileo_orbiter:/go_0012/extras/browse/gopex/c016523/2245r.jpeg,https://pds-imaging.jpl.nasa.gov/api/data/atlas:pds3:go:galileo_orbiter:/go_0012/extras/browse/gopex/c016523/2245r.jpeg::0
0200r.jpeg,null,atlas:pds3:go:galileo_orbiter:/go_0014/extras/browse/earth/c016541/0200r.jpeg,https://pds-imaging.jpl.nasa.gov/api/data/atlas:pds3:go:galileo_orbiter:/go_0014/extras/browse/earth/c016541/0200r.jpeg::0
4439r.jpeg,null,atlas:pds3:go:galileo_orbiter:/go_0017/extras/browse/g2/ganymede/c035994/4439r.jpeg,https://pds-imaging.jpl.nasa.gov/api/data/atlas:pds3:go:galileo_orbiter:/go_0017/extras/browse/g2/ganymede/c035994/4439r.jpeg::0
4600r.jpeg,null,atlas:pds3:go:galileo_orbiter:/go_0012/extras/browse/gopex/c016522/4600r.jpeg,https://pds-imaging.jpl.nasa.gov/api/data/atlas:pds3:go:galileo_orbiter:/go_0012/extras/browse/gopex/c016522/4600r.jpeg::0
4845r.jpeg,null,atlas:pds3:go:galileo_orbiter:/go_0013/extras/browse/earth/c016525/4845r.jpeg,https://pds-imaging.jpl.nasa.gov/api/data/atlas:pds3:go:galileo_orbiter:/go_0013/extras/browse/earth/c016525/4845r.jpeg::0
5000r.jpeg,null,atlas:pds3:go:galileo_orbiter:/go_0012/extras/browse/gopex/c016522/5000r.jpeg,https://pds-imaging.jpl.nasa.gov/api/data/atlas:pds3:go:galileo_orbiter:/go_0012/extras/browse/gopex/c016522/5000r.jpeg::0
8345r.jpeg,null,atlas:pds3:go:galileo_orbiter:/go_0012/extras/browse/earth/c016523/8345r.jpeg,https://pds-imaging.jpl.nasa.gov/api/data/atlas:pds3:go:galileo_orbiter:/go_0012/extras/browse/earth/c016523/8345r.jpeg::0
5845r.jpeg,null,atlas:pds3:go:galileo_orbiter:/go_0013/extras/browse/earth/c016525/5845r.jpeg,https://pds-imaging.jpl.nasa.gov/api/data/atlas:pds3:go:galileo_orbiter:/go_0013/extras/browse/earth/c016525/5845r.jpeg::0
6145r.jpeg,null,atlas:pds3:go:galileo_orbiter:/go_0013/extras/browse/earth/c016525/6145r.jpeg,https://pds-imaging.jpl.nasa.gov/api/data/atlas:pds3:go:galileo_orbiter:/go_0013/extras/browse/earth/c016525/6145r.jpeg::0
6700r.jpeg,null,atlas:pds3:go:galileo_orbiter:/go_0013/extras/browse/earth/c016525/6700r.jpeg,https://pds-imaging.jpl.nasa.gov/api/data/atlas:pds3:go:galileo_orbiter:/go_0013/extras/browse/earth/c016525/6700r.jpeg::0
6800r.jpeg,null,atlas:pds3:go:galileo_orbiter:/go_0012/extras/browse/earth/c016524/6800r.jpeg,https://pds-imaging.jpl.nasa.gov/api/data/atlas:pds3:go:galileo_orbiter:/go_0012/extras/browse/earth/c016524/6800r.jpeg::0
5500r.jpeg,null,atlas:pds3:go:galileo_orbiter:/go_0013/extras/browse/earth/c016530/5500r.jpeg,https://pds-imaging.jpl.nasa.gov/api/data/atlas:pds3:go:galileo_orbiter:/go_0013/extras/browse/earth/c016530/5500r.jpeg::0
8000r.jpeg,null,atlas:pds3:go:galileo_orbiter:/go_0014/extras/browse/earth/c016537/8000r.jpeg,https://pds-imaging.jpl.nasa.gov/api/data/atlas:pds3:go:galileo_orbiter:/go_0014/extras/browse/earth/c016537/8000r.jpeg::0
9045r.jpeg,null,atlas:pds3:go:galileo_orbiter:/go_0012/extras/browse/gopex/c016522/9045r.jpeg,https://pds-imaging.jpl.nasa.gov/api/data/atlas:pds3:go:galileo_orbiter:/go_0012/extras/browse/gopex/c016522/9045r.jpeg::0
2700r.jpeg,null,atlas:pds3:go:galileo_orbiter:/go_0014/extras/browse/earth/c016537/2700r.jpeg,https://pds-imaging.jpl.nasa.gov/api/data/atlas:pds3:go:galileo_orbiter:/go_0014/extras/browse/earth/c016537/2700r.jpeg::0
2145r.jpeg,null,atlas:pds3:go:galileo_orbiter:/go_0012/extras/browse/earth/c016524/2145r.jpeg,https://pds-imaging.jpl.nasa.gov/api/data/atlas:pds3:go:galileo_orbiter:/go_0012/extras/browse/earth/c016524/2145r.jpeg::0
3945r.jpeg,null,atlas:pds3:go:galileo_orbiter:/go_0012/extras/browse/earth/c016524/3945r.jpeg,https://pds-imaging.jpl.nasa.gov/api/data/atlas:pds3:go:galileo_orbiter:/go_0012/extras/browse/earth/c016524/3945r.jpeg::0
2200r.jpeg,null,atlas:pds3:go:galileo_orbiter:/go_0014/extras/browse/earth/c016540/2200r.jpeg,https://pds-imaging.jpl.nasa.gov/api/data/atlas:pds3:go:galileo_orbiter:/go_0014/extras/browse/earth/c016540/2200r.jpeg::0
2500r.jpeg,null,atlas:pds3:go:galileo_orbiter:/go_0014/extras/browse/earth/c016537/2500r.jpeg,https://pds-imaging.jpl.nasa.gov/api/data/atlas:pds3:go:galileo_orbiter:/go_0014/extras/browse/earth/c016537/2500r.jpeg::0
5400r.jpeg,null,atlas:pds3:go:galileo_orbiter:/go_0011/extras/browse/earth/c016517/5400r.jpeg,https://pds-imaging.jpl.nasa.gov/api/data/atlas:pds3:go:galileo_orbiter:/go_0011/extras/browse/earth/c016517/5400r.jpeg::0
6600r.jpeg,null,atlas:pds3:go:galileo_orbiter:/go_0017/extras/browse/g2/io/c035998/6600r.jpeg,https://pds-imaging.jpl.nasa.gov/api/data/atlas:pds3:go:galileo_orbiter:/go_0017/extras/browse/g2/io/c035998/6600r.jpeg::0
5378r.jpeg,null,atlas:pds3:go:galileo_orbiter:/go_0019/extras/browse/c9/io/c040178/5378r.jpeg,https://pds-imaging.jpl.nasa.gov/api/data/atlas:pds3:go:galileo_orbiter:/go_0019/extras/browse/c9/io/c040178/5378r.jpeg::0
5407r.jpeg,null,atlas:pds3:go:galileo_orbiter:/go_0019/extras/browse/c9/io/c040178/5407r.jpeg,https://pds-imaging.jpl.nasa.gov/api/data/atlas:pds3:go:galileo_orbiter:/go_0019/extras/browse/c9/io/c040178/5407r.jpeg::0
3200r.jpeg,null,atlas:pds3:go:galileo_orbiter:/go_0019/extras/browse/c9/io/c040186/3200r.jpeg,https://pds-imaging.jpl.nasa.gov/api/data/atlas:pds3:go:galileo_orbiter:/go_0019/extras/browse/c9/io/c040186/3200r.jpeg::0
3204r.jpeg,null,atlas:pds3:go:galileo_orbiter:/go_0019/extras/browse/c9/io/c040186/3204r.jpeg,https://pds-imaging.jpl.nasa.gov/api/data/atlas:pds3:go:galileo_orbiter:/go_0019/extras/browse/c9/io/c040186/3204r.jpeg::0
3500r.jpeg,null,atlas:pds3:go:galileo_orbiter:/go_0021/extras/browse/c22/io/c051232/3500r.jpeg,https://pds-imaging.jpl.nasa.gov/api/data/atlas:pds3:go:galileo_orbiter:/go_0021/extras/browse/c22/io/c051232/3500r.jpeg::0
2500r.jpeg,null,atlas:pds3:go:galileo_orbiter:/go_0021/extras/browse/c22/io/c051235/2500r.jpeg,https://pds-imaging.jpl.nasa.gov/api/data/atlas:pds3:go:galileo_orbiter:/go_0021/extras/browse/c22/io/c051235/2500r.jpeg::0
3800r.jpeg,null,atlas:pds3:go:galileo_orbiter:/go_0021/extras/browse/c22/io/c051239/3800r.jpeg,https://pds-imaging.jpl.nasa.gov/api/data/atlas:pds3:go:galileo_orbiter:/go_0021/extras/browse/c22/io/c051239/3800r.jpeg::0
3601r.jpeg,null,atlas:pds3:go:galileo_orbiter:/go_0020/extras/browse/e14/io/c044087/3601r.jpeg,https://pds-imaging.jpl.nasa.gov/api/data/atlas:pds3:go:galileo_orbiter:/go_0020/extras/browse/e14/io/c044087/3601r.jpeg::0
3679r.jpeg,null,atlas:pds3:go:galileo_orbiter:/go_0020/extras/browse/e14/io/c044087/3679r.jpeg,https://pds-imaging.jpl.nasa.gov/api/data/atlas:pds3:go:galileo_orbiter:/go_0020/extras/browse/e14/io/c044087/3679r.jpeg::0
6246r.jpeg,null,atlas:pds3:go:galileo_orbiter:/go_0023/extras/browse/i31/io/c061581/6246r.jpeg,https://pds-imaging.jpl.nasa.gov/api/data/atlas:pds3:go:galileo_orbiter:/go_0023/extras/browse/i31/io/c061581/6246r.jpeg::0
4600r.jpeg,null,atlas:pds3:go:galileo_orbiter:/go_0013/extras/browse/raw_cal/c016526/4600r.jpeg,https://pds-imaging.jpl.nasa.gov/api/data/atlas:pds3:go:galileo_orbiter:/go_0013/extras/browse/raw_cal/c016526/4600r.jpeg::0
